{
    "name": "root",
    "gauges": {
        "MoveToGoal.Policy.Entropy.mean": {
            "value": 1.4185882806777954,
            "min": 1.4185882806777954,
            "max": 1.4185882806777954,
            "count": 1
        },
        "MoveToGoal.Policy.Entropy.sum": {
            "value": 70929.4140625,
            "min": 70929.4140625,
            "max": 70929.4140625,
            "count": 1
        },
        "MoveToGoal.Step.mean": {
            "value": 49992.0,
            "min": 49992.0,
            "max": 49992.0,
            "count": 1
        },
        "MoveToGoal.Step.sum": {
            "value": 49992.0,
            "min": 49992.0,
            "max": 49992.0,
            "count": 1
        },
        "MoveToGoal.Policy.ExtrinsicValueEstimate.mean": {
            "value": -19.20462989807129,
            "min": -19.20462989807129,
            "max": -19.20462989807129,
            "count": 1
        },
        "MoveToGoal.Policy.ExtrinsicValueEstimate.sum": {
            "value": -19185.42578125,
            "min": -19185.42578125,
            "max": -19185.42578125,
            "count": 1
        },
        "MoveToGoal.Environment.EpisodeLength.mean": {
            "value": 199.0,
            "min": 199.0,
            "max": 199.0,
            "count": 1
        },
        "MoveToGoal.Environment.EpisodeLength.sum": {
            "value": 49750.0,
            "min": 49750.0,
            "max": 49750.0,
            "count": 1
        },
        "MoveToGoal.Environment.CumulativeReward.mean": {
            "value": 0.0,
            "min": 0.0,
            "max": 0.0,
            "count": 1
        },
        "MoveToGoal.Environment.CumulativeReward.sum": {
            "value": 0.0,
            "min": 0.0,
            "max": 0.0,
            "count": 1
        },
        "MoveToGoal.Policy.ExtrinsicReward.mean": {
            "value": 0.0,
            "min": 0.0,
            "max": 0.0,
            "count": 1
        },
        "MoveToGoal.Policy.ExtrinsicReward.sum": {
            "value": 0.0,
            "min": 0.0,
            "max": 0.0,
            "count": 1
        },
        "MoveToGoal.Losses.PolicyLoss.mean": {
            "value": 0.027235007462635016,
            "min": 0.027235007462635016,
            "max": 0.027235007462635016,
            "count": 1
        },
        "MoveToGoal.Losses.PolicyLoss.sum": {
            "value": 0.10894002985054006,
            "min": 0.10894002985054006,
            "max": 0.10894002985054006,
            "count": 1
        },
        "MoveToGoal.Losses.ValueLoss.mean": {
            "value": 1.6981804517408212,
            "min": 1.6981804517408212,
            "max": 1.6981804517408212,
            "count": 1
        },
        "MoveToGoal.Losses.ValueLoss.sum": {
            "value": 6.792721806963285,
            "min": 6.792721806963285,
            "max": 6.792721806963285,
            "count": 1
        },
        "MoveToGoal.Policy.LearningRate.mean": {
            "value": 0.00028460280513239994,
            "min": 0.00028460280513239994,
            "max": 0.00028460280513239994,
            "count": 1
        },
        "MoveToGoal.Policy.LearningRate.sum": {
            "value": 0.0011384112205295998,
            "min": 0.0011384112205295998,
            "max": 0.0011384112205295998,
            "count": 1
        },
        "MoveToGoal.Policy.Epsilon.mean": {
            "value": 0.1948676,
            "min": 0.1948676,
            "max": 0.1948676,
            "count": 1
        },
        "MoveToGoal.Policy.Epsilon.sum": {
            "value": 0.7794704,
            "min": 0.7794704,
            "max": 0.7794704,
            "count": 1
        },
        "MoveToGoal.Policy.Beta.mean": {
            "value": 0.004743893239999999,
            "min": 0.004743893239999999,
            "max": 0.004743893239999999,
            "count": 1
        },
        "MoveToGoal.Policy.Beta.sum": {
            "value": 0.018975572959999996,
            "min": 0.018975572959999996,
            "max": 0.018975572959999996,
            "count": 1
        },
        "MoveToGoal.IsTraining.mean": {
            "value": 1.0,
            "min": 1.0,
            "max": 1.0,
            "count": 1
        },
        "MoveToGoal.IsTraining.sum": {
            "value": 1.0,
            "min": 1.0,
            "max": 1.0,
            "count": 1
        }
    },
    "metadata": {
        "timer_format_version": "0.1.0",
        "start_time_seconds": "1709039828",
        "python_version": "3.9.13 (tags/v3.9.13:6de2ca5, May 17 2022, 16:36:42) [MSC v.1929 64 bit (AMD64)]",
        "command_line_arguments": "C:\\Users\\jacob\\Downloads\\Number1 - kopia\\Number1 - kopia\\thirdvenv\\Scripts\\mlagents-learn --run-id attempt13",
        "mlagents_version": "0.30.0",
        "mlagents_envs_version": "0.30.0",
        "communication_protocol_version": "1.5.0",
        "pytorch_version": "2.2.0+cpu",
        "numpy_version": "1.21.2",
        "end_time_seconds": "1709040396"
    },
    "total": 567.6735606,
    "count": 1,
    "self": 0.013011499999947773,
    "children": {
        "run_training.setup": {
            "total": 0.11015679999999994,
            "count": 1,
            "self": 0.11015679999999994
        },
        "TrainerController.start_learning": {
            "total": 567.5503923,
            "count": 1,
            "self": 1.2113718000024392,
            "children": {
                "TrainerController._reset_env": {
                    "total": 7.060968600000001,
                    "count": 1,
                    "self": 7.060968600000001
                },
                "TrainerController.advance": {
                    "total": 558.8504982999975,
                    "count": 66884,
                    "self": 1.1128207000072052,
                    "children": {
                        "env_step": {
                            "total": 522.369302599997,
                            "count": 66884,
                            "self": 459.7134337999965,
                            "children": {
                                "SubprocessEnvManager._take_step": {
                                    "total": 61.87277770000139,
                                    "count": 66884,
                                    "self": 4.479701300001842,
                                    "children": {
                                        "TorchPolicy.evaluate": {
                                            "total": 57.39307639999955,
                                            "count": 66884,
                                            "self": 57.39307639999955
                                        }
                                    }
                                },
                                "workers": {
                                    "total": 0.7830910999991154,
                                    "count": 66883,
                                    "self": 0.0,
                                    "children": {
                                        "worker_root": {
                                            "total": 487.4792925000031,
                                            "count": 66883,
                                            "is_parallel": true,
                                            "self": 159.13379369999797,
                                            "children": {
                                                "steps_from_proto": {
                                                    "total": 0.00016640000000034405,
                                                    "count": 1,
                                                    "is_parallel": true,
                                                    "self": 5.4999999998806004e-05,