{
    "name": "root",
    "gauges": {
        "MoveToGoal.Policy.Entropy.mean": {
            "value": 1.419217824935913,
            "min": 1.419217824935913,
            "max": 1.419217824935913,
            "count": 1
        },
        "MoveToGoal.Policy.Entropy.sum": {
            "value": 70960.890625,
            "min": 70960.890625,
            "max": 70960.890625,
            "count": 1
        },
        "MoveToGoal.Step.mean": {
            "value": 49992.0,
            "min": 49992.0,
            "max": 49992.0,
            "count": 1
        },
        "MoveToGoal.Step.sum": {
            "value": 49992.0,
            "min": 49992.0,
            "max": 49992.0,
            "count": 1
        },
        "MoveToGoal.Policy.ExtrinsicValueEstimate.mean": {
            "value": 8.004634857177734,
            "min": 8.004634857177734,
            "max": 8.004634857177734,
            "count": 1
        },
        "MoveToGoal.Policy.ExtrinsicValueEstimate.sum": {
            "value": 7996.63037109375,
            "min": 7996.63037109375,
            "max": 7996.63037109375,
            "count": 1
        },
        "MoveToGoal.Environment.EpisodeLength.mean": {
            "value": 199.0,
            "min": 199.0,
            "max": 199.0,
            "count": 1
        },
        "MoveToGoal.Environment.EpisodeLength.sum": {
            "value": 49750.0,
            "min": 49750.0,
            "max": 49750.0,
            "count": 1
        },
        "MoveToGoal.Environment.CumulativeReward.mean": {
            "value": 0.0,
            "min": 0.0,
            "max": 0.0,
            "count": 1
        },
        "MoveToGoal.Environment.CumulativeReward.sum": {
            "value": 0.0,
            "min": 0.0,
            "max": 0.0,
            "count": 1
        },
        "MoveToGoal.Policy.ExtrinsicReward.mean": {
            "value": 0.0,
            "min": 0.0,
            "max": 0.0,
            "count": 1
        },
        "MoveToGoal.Policy.ExtrinsicReward.sum": {
            "value": 0.0,
            "min": 0.0,
            "max": 0.0,
            "count": 1
        },
        "MoveToGoal.Losses.PolicyLoss.mean": {
            "value": 0.024928439998378356,
            "min": 0.024928439998378356,
            "max": 0.024928439998378356,
            "count": 1
        },
        "MoveToGoal.Losses.PolicyLoss.sum": {
            "value": 0.09971375999351342,
            "min": 0.09971375999351342,
            "max": 0.09971375999351342,
            "count": 1
        },
        "MoveToGoal.Losses.ValueLoss.mean": {
            "value": 0.4219769081100822,
            "min": 0.4219769081100822,
            "max": 0.4219769081100822,
            "count": 1
        },
        "MoveToGoal.Losses.ValueLoss.sum": {
            "value": 1.6879076324403288,
            "min": 1.6879076324403288,
            "max": 1.6879076324403288,
            "count": 1
        },
        "MoveToGoal.Policy.LearningRate.mean": {
            "value": 0.00028460280513239994,
            "min": 0.00028460280513239994,
            "max": 0.00028460280513239994,
            "count": 1
        },
        "MoveToGoal.Policy.LearningRate.sum": {
            "value": 0.0011384112205295998,
            "min": 0.0011384112205295998,
            "max": 0.0011384112205295998,
            "count": 1
        },
        "MoveToGoal.Policy.Epsilon.mean": {
            "value": 0.1948676,
            "min": 0.1948676,
            "max": 0.1948676,
            "count": 1
        },
        "MoveToGoal.Policy.Epsilon.sum": {
            "value": 0.7794704,
            "min": 0.7794704,
            "max": 0.7794704,
            "count": 1
        },
        "MoveToGoal.Policy.Beta.mean": {
            "value": 0.004743893239999999,
            "min": 0.004743893239999999,
            "max": 0.004743893239999999,
            "count": 1
        },
        "MoveToGoal.Policy.Beta.sum": {
            "value": 0.018975572959999996,
            "min": 0.018975572959999996,
            "max": 0.018975572959999996,
            "count": 1
        },
        "MoveToGoal.IsTraining.mean": {
            "value": 1.0,
            "min": 1.0,
            "max": 1.0,
            "count": 1
        },
        "MoveToGoal.IsTraining.sum": {
            "value": 1.0,
            "min": 1.0,
            "max": 1.0,
            "count": 1
        }
    },
    "metadata": {
        "timer_format_version": "0.1.0",
        "start_time_seconds": "1709041168",
        "python_version": "3.9.13 (tags/v3.9.13:6de2ca5, May 17 2022, 16:36:42) [MSC v.1929 64 bit (AMD64)]",
        "command_line_arguments": "C:\\Users\\jacob\\Downloads\\Number1 - kopia\\Number1 - kopia\\thirdvenv\\Scripts\\mlagents-learn --run-id attempt14",
        "mlagents_version": "0.30.0",
        "mlagents_envs_version": "0.30.0",
        "communication_protocol_version": "1.5.0",
        "pytorch_version": "2.2.0+cpu",
        "numpy_version": "1.21.2",
        "end_time_seconds": "1709041728"
    },
    "total": 560.1812520000001,
    "count": 1,
    "self": 0.01462560000004487,
    "children": {
        "run_training.setup": {
            "total": 0.046140099999999906,
            "count": 1,
            "self": 0.046140099999999906
        },
        "TrainerController.start_learning": {
            "total": 560.1204863,
            "count": 1,
            "self": 0.8934596999971518,
            "children": {
                "TrainerController._reset_env": {
                    "total": 5.192137799999999,
                    "count": 1,
                    "self": 5.192137799999999
                },
                "TrainerController.advance": {
                    "total": 553.641191800003,
                    "count": 50297,
                    "self": 0.8016840000044567,
                    "children": {
                        "env_step": {
                            "total": 529.6937977000002,
                            "count": 50297,
                            "self": 484.331263599998,
                            "children": {
                                "SubprocessEnvManager._take_step": {
                                    "total": 44.79542699999723,
                                    "count": 50297,
                                    "self": 3.237025499996861,
                                    "children": {
                                        "TorchPolicy.evaluate": {
                                            "total": 41.55840150000037,
                                            "count": 50297,
                                            "self": 41.55840150000037
                                        }
                                    }
                                },
                                "workers": {
                                    "total": 0.5671071000049999,
                                    "count": 50296,
                                    "self": 0.0,
                                    "children": {
                                        "worker_root": {
                                            "total": 472.99150260000295,
                                            "count": 50296,
                                            "is_parallel": true,
                                            "self": 113.21677790000132,
                                            "children": {
                                                "steps_from_proto": {
                                                    "total": 0.00017040000000001498,
                                                    "count": 1,
                                                    "is_parallel": true,
                                                    "self": 5.670000000002062e-05,