{
    "name": "root",
    "metadata": {
        "timer_format_version": "0.1.0",
        "start_time_seconds": "1708542443",
        "python_version": "3.9.13 (tags/v3.9.13:6de2ca5, May 17 2022, 16:36:42) [MSC v.1929 64 bit (AMD64)]",
        "command_line_arguments": "C:\\Users\\jacob\\Downloads\\Number1 - kopia\\Number1 - kopia\\thirdvenv\\Scripts\\mlagents-learn --run-id tryNumber8",
        "mlagents_version": "0.30.0",
        "mlagents_envs_version": "0.30.0",
        "communication_protocol_version": "1.5.0",
        "pytorch_version": "2.2.0+cpu",
        "numpy_version": "1.21.2",
        "end_time_seconds": "1708542489"
    },
    "total": 46.172086300000004,
    "count": 1,
    "self": 10.0084989,
    "children": {
        "run_training.setup": {
            "total": 0.031435699999999844,
            "count": 1,
            "self": 0.031435699999999844
        },
        "TrainerController.start_learning": {
            "total": 36.1321517,
            "count": 1,
            "self": 0.0003262999999975591,
            "children": {
                "TrainerController._reset_env": {
                    "total": 5.888907100000001,
                    "count": 1,
                    "self": 5.888907100000001
                },
                "TrainerController.advance": {
                    "total": 30.033431299999997,
                    "count": 1,
                    "self": 2.5999999994752443e-05,
                    "children": {
                        "env_step": {
                            "total": 30.033405300000002,
                            "count": 1,
                            "self": 30.033389200000002,
                            "children": {
                                "SubprocessEnvManager._take_step": {
                                    "total": 1.6099999998964165e-05,
                                    "count": 2,
                                    "self": 1.6099999998964165e-05
                                }
                            }
                        }
                    }
                },
                "trainer_threads": {
                    "total": 1.1999999998124622e-06,
                    "count": 1,
                    "self": 1.1999999998124622e-06
                },
                "TrainerController._save_models": {
                    "total": 0.20948580000000305,
                    "count": 1,
                    "self": 0.012363800000009917,
                    "children": {
                        "RLTrainer._checkpoint": {
                            "total": 0.19712199999999314,
                            "count": 1,
                            "self": 0.19712199999999314
                        }
                    }
                }
            }
        }
    }
}