{
    "name": "root",
    "metadata": {
        "timer_format_version": "0.1.0",
        "start_time_seconds": "1709488178",
        "python_version": "3.9.13 (tags/v3.9.13:6de2ca5, May 17 2022, 16:36:42) [MSC v.1929 64 bit (AMD64)]",
        "command_line_arguments": "C:\\Users\\jacob\\Downloads\\Number1 - kopia\\Number1 - kopia\\thirdvenv\\Scripts\\mlagents-learn --run-id runC11",
        "mlagents_version": "0.30.0",
        "mlagents_envs_version": "0.30.0",
        "communication_protocol_version": "1.5.0",
        "pytorch_version": "2.2.0+cpu",
        "numpy_version": "1.21.2",
        "end_time_seconds": "1709488478"
    },
    "total": 300.77068959999997,
    "count": 1,
    "self": 0.006318699999951605,
    "children": {
        "run_training.setup": {
            "total": 0.026098399999999966,
            "count": 1,
            "self": 0.026098399999999966
        },
        "TrainerController.start_learning": {
            "total": 300.7382725,
            "count": 1,
            "self": 0.4229861000018218,
            "children": {
                "TrainerController._reset_env": {
                    "total": 5.8475905,
                    "count": 1,
                    "self": 5.8475905
                },
                "TrainerController.advance": {
                    "total": 294.3644963999982,
                    "count": 26463,
                    "self": 0.40264399999870193,
                    "children": {
                        "env_step": {
                            "total": 282.12479200000024,
                            "count": 26463,
                            "self": 259.096811299999,
                            "children": {
                                "SubprocessEnvManager._take_step": {
                                    "total": 22.74586209999795,
                                    "count": 26464,
                                    "self": 1.6158920999988453,
                                    "children": {
                                        "TorchPolicy.evaluate": {
                                            "total": 21.129969999999105,
                                            "count": 26462,
                                            "self": 21.129969999999105
                                        }
                                    }
                                },
                                "workers": {
                                    "total": 0.2821186000032947,
                                    "count": 26462,
                                    "self": 0.0,
                                    "children": {
                                        "worker_root": {
                                            "total": 250.35789720000105,
                                            "count": 26462,
                                            "is_parallel": true,
                                            "self": 57.75455770000076,
                                            "children": {
                                                "steps_from_proto": {
                                                    "total": 0.0003580000000020789,
                                                    "count": 2,
                                                    "is_parallel": true,
                                                    "self": 0.00012140000000293583,
                                                    "children": {
                                                        "_process_rank_one_or_two_observation": {
                                                            "total": 0.00023659999999914305,
                                                            "count": 4,
                                                            "is_parallel": true,
                                                            "self": 0.00023659999999914305
                                                        }
                                                    }
                                                },
                                                "UnityEnvironment.step": {
                                                    "total": 192.60298150000028,
                                                    "count": 26462,
                                                    "is_parallel": true,
                                                    "self": 1.7177363000029118,
                                                    "children": {
                                                        "UnityEnvironment._generate_step_input": {
                                                            "total": 1.7659449999987427,
                                                            "count": 26462,
                                                            "is_parallel": true,
                                                            "self": 1.7659449999987427
                                                        },
                                                        "communicator.exchange": {
                                                            "total": 184.58558549999884,
                                                            "count": 26462,
                                                            "is_parallel": true,
                                                            "self": 184.58558549999884
                                                        },
                                                        "steps_from_proto": {
                                                            "total": 4.5337146999997815,
                                                            "count": 26460,
                                                            "is_parallel": true,
                                                            "self": 2.2872984999982364,
                                                            "children": {
                                                                "_process_rank_one_or_two_observation": {
                                                                    "total": 2.246416200001545,
                                                                    "count": 52920,
                                                                    "is_parallel": true,
                                                                    "self": 2.246416200001545
                                                                }
                                                            }
                                                        }
                                                    }
                                                }
                                            }
                                        }
                                    }
                                }
                            }
                        },
                        "trainer_advance": {
                            "total": 11.837060399999228,
                            "count": 26462,
                            "self": 0.48002129999934695,
                            "children": {
                                "process_trajectory": {
                                    "total": 2.0047817999998747,
                                    "count": 26462,
                                    "self": 2.0047817999998747
                                },
                                "_update_policy": {
                                    "total": 9.352257300000005,
                                    "count": 2,
                                    "self": 5.428094400000049,
                                    "children": {
                                        "TorchPPOOptimizer.update": {
                                            "total": 3.9241628999999563,
                                            "count": 60,