{
    "name": "root",
    "metadata": {
        "timer_format_version": "0.1.0",
        "start_time_seconds": "1708948607",
        "python_version": "3.9.13 (tags/v3.9.13:6de2ca5, May 17 2022, 16:36:42) [MSC v.1929 64 bit (AMD64)]",
        "command_line_arguments": "C:\\Users\\jacob\\Downloads\\Number1 - kopia\\Number1 - kopia\\thirdvenv\\Scripts\\mlagents-learn --run-id attempt1",
        "mlagents_version": "0.30.0",
        "mlagents_envs_version": "0.30.0",
        "communication_protocol_version": "1.5.0",
        "pytorch_version": "2.2.0+cpu",
        "numpy_version": "1.21.2",
        "end_time_seconds": "1708948677"
    },
    "total": 69.4528462,
    "count": 1,
    "self": 10.007868299999998,
    "children": {
        "run_training.setup": {
            "total": 0.1269714999999998,
            "count": 1,
            "self": 0.1269714999999998
        },
        "TrainerController.start_learning": {
            "total": 59.3180064,
            "count": 1,
            "self": 0.06107500000002375,
            "children": {
                "TrainerController._reset_env": {
                    "total": 6.1566755,
                    "count": 1,
                    "self": 6.1566755
                },
                "TrainerController.advance": {
                    "total": 52.863577499999984,
                    "count": 3654,
                    "self": 0.05770600000013815,
                    "children": {
                        "env_step": {
                            "total": 52.454334699999905,
                            "count": 3654,
                            "self": 49.15490239999972,
                            "children": {
                                "SubprocessEnvManager._take_step": {
                                    "total": 3.262742200000196,
                                    "count": 3655,
                                    "self": 0.23629690000018755,
                                    "children": {
                                        "TorchPolicy.evaluate": {
                                            "total": 3.0264453000000087,
                                            "count": 3655,
                                            "self": 3.0264453000000087
                                        }
                                    }
                                },
                                "workers": {
                                    "total": 0.03669009999998529,
                                    "count": 3653,
                                    "self": 0.0,
                                    "children": {
                                        "worker_root": {
                                            "total": 23.095782199999874,
                                            "count": 3653,
                                            "is_parallel": true,
                                            "self": 7.697435299999885,
                                            "children": {
                                                "steps_from_proto": {
                                                    "total": 0.0016380999999983104,
                                                    "count": 2,
                                                    "is_parallel": true,
                                                    "self": 0.0007612999999953018,
                                                    "children": {
                                                        "_process_rank_one_or_two_observation": {
                                                            "total": 0.0008768000000030085,
                                                            "count": 4,
                                                            "is_parallel": true,
                                                            "self": 0.0008768000000030085
                                                        }
                                                    }
                                                },
                                                "UnityEnvironment.step": {
                                                    "total": 15.396708799999992,
                                                    "count": 3653,
                                                    "is_parallel": true,
                                                    "self": 0.2375932999997019,
                                                    "children": {
                                                        "UnityEnvironment._generate_step_input": {
                                                            "total": 0.23991519999990985,
                                                            "count": 3653,
                                                            "is_parallel": true,
                                                            "self": 0.23991519999990985
                                                        },
                                                        "communicator.exchange": {
                                                            "total": 14.290533399999966,
                                                            "count": 3653,
                                                            "is_parallel": true,
                                                            "self": 14.290533399999966
                                                        },
                                                        "steps_from_proto": {
                                                            "total": 0.6286669000004155,
                                                            "count": 3653,
                                                            "is_parallel": true,
                                                            "self": 0.3121576000002806,
                                                            "children": {
                                                                "_process_rank_one_or_two_observation": {
                                                                    "total": 0.3165093000001349,
                                                                    "count": 7306,
                                                                    "is_parallel": true,
                                                                    "self": 0.3165093000001349
                                                                }
                                                            }
                                                        }
                                                    }
                                                }
                                            }
                                        }
                                    }
                                }
                            }
                        },
                        "trainer_advance": {
                            "total": 0.3515367999999386,
                            "count": 3653,
                            "self": 0.0702719000000176,
                            "children": {
                                "process_trajectory": {
                                    "total": 0.281264899999921,
                                    "count": 3653,
                                    "self": 0.281264899999921
                                }
                            }
                        }
                    }
                },
                "trainer_threads": {
                    "total": 1.0999999986438525e-06,
                    "count": 1,
                    "self": 1.0999999986438525e-06
                },
                "TrainerController._save_models": {
                    "total": 0.23667729999999665,
                    "count": 1,
                    "self": 0.007940099999999006,