{
    "name": "root",
    "metadata": {
        "timer_format_version": "0.1.0",
        "start_time_seconds": "1708424895",
        "python_version": "3.9.13 (tags/v3.9.13:6de2ca5, May 17 2022, 16:36:42) [MSC v.1929 64 bit (AMD64)]",
        "command_line_arguments": "C:\\Users\\jacob\\Downloads\\Number1 - kopia\\Number1 - kopia\\secondTry\\Scripts\\mlagents-learn --run-id testrun7",
        "mlagents_version": "0.30.0",
        "mlagents_envs_version": "0.30.0",
        "communication_protocol_version": "1.5.0",
        "pytorch_version": "2.2.0+cpu",
        "numpy_version": "1.21.2",
        "end_time_seconds": "1708424972"
    },
    "total": 77.2807603,
    "count": 1,
    "self": 0.006858600000001047,
    "children": {
        "run_training.setup": {
            "total": 0.027893900000000027,
            "count": 1,
            "self": 0.027893900000000027
        },
        "TrainerController.start_learning": {
            "total": 77.2460078,
            "count": 1,
            "self": 0.00020340000000373948,
            "children": {
                "TrainerController._reset_env": {
                    "total": 6.903398800000001,
                    "count": 1,
                    "self": 6.903398800000001
                },
                "TrainerController.advance": {
                    "total": 70.2684254,
                    "count": 1,
                    "self": 6.459999998753574e-05,
                    "children": {
                        "env_step": {
                            "total": 70.26836080000001,
                            "count": 1,
                            "self": 70.26835080000001,
                            "children": {
                                "SubprocessEnvManager._take_step": {
                                    "total": 9.999999999621423e-06,
                                    "count": 1,
                                    "self": 9.999999999621423e-06
                                }
                            }
                        }
                    }
                },
                "TrainerController._save_models": {
                    "total": 0.07398019999999406,
                    "count": 1,
                    "self": 8.219999999425909e-05,
                    "children": {
                        "RLTrainer._checkpoint": {
                            "total": 0.0738979999999998,
                            "count": 1,
                            "self": 0.0738979999999998
                        }
                    }
                }
            }
        }
    }
}