{
    "name": "root",
    "metadata": {
        "timer_format_version": "0.1.0",
        "start_time_seconds": "1708540712",
        "python_version": "3.9.13 (tags/v3.9.13:6de2ca5, May 17 2022, 16:36:42) [MSC v.1929 64 bit (AMD64)]",
        "command_line_arguments": "C:\\Users\\jacob\\Downloads\\Number1 - kopia\\Number1 - kopia\\thirdvenv\\Scripts\\mlagents-learn --run-id tryNumber4",
        "mlagents_version": "0.30.0",
        "mlagents_envs_version": "0.30.0",
        "communication_protocol_version": "1.5.0",
        "pytorch_version": "2.2.0+cpu",
        "numpy_version": "1.21.2",
        "end_time_seconds": "1708540773"
    },
    "total": 60.9587677,
    "count": 1,
    "self": 10.0054358,
    "children": {
        "run_training.setup": {
            "total": 0.03280339999999993,
            "count": 1,
            "self": 0.03280339999999993
        },
        "TrainerController.start_learning": {
            "total": 50.9205285,
            "count": 1,
            "self": 0.0003625999999954388,
            "children": {
                "TrainerController._reset_env": {
                    "total": 10.2185819,
                    "count": 1,
                    "self": 10.2185819
                },
                "TrainerController.advance": {
                    "total": 40.5840017,
                    "count": 1,
                    "self": 1.3600000002611523e-05,
                    "children": {
                        "env_step": {
                            "total": 40.5839881,
                            "count": 1,
                            "self": 40.58397349999999,
                            "children": {
                                "SubprocessEnvManager._take_step": {
                                    "total": 1.4600000007192193e-05,
                                    "count": 2,
                                    "self": 1.4600000007192193e-05
                                }
                            }
                        }
                    }
                },
                "trainer_threads": {
                    "total": 1.0999999986438525e-06,
                    "count": 1,
                    "self": 1.0999999986438525e-06
                },
                "TrainerController._save_models": {
                    "total": 0.1175812000000036,
                    "count": 1,
                    "self": 0.017365300000008688,
                    "children": {
                        "RLTrainer._checkpoint": {
                            "total": 0.10021589999999492,
                            "count": 1,
                            "self": 0.10021589999999492
                        }
                    }
                }
            }
        }
    }
}