{
    "name": "root",
    "metadata": {
        "timer_format_version": "0.1.0",
        "start_time_seconds": "1708542771",
        "python_version": "3.9.13 (tags/v3.9.13:6de2ca5, May 17 2022, 16:36:42) [MSC v.1929 64 bit (AMD64)]",
        "command_line_arguments": "C:\\Users\\jacob\\Downloads\\Number1 - kopia\\Number1 - kopia\\thirdvenv\\Scripts\\mlagents-learn --run-id tryNumber11",
        "mlagents_version": "0.30.0",
        "mlagents_envs_version": "0.30.0",
        "communication_protocol_version": "1.5.0",
        "pytorch_version": "2.2.0+cpu",
        "numpy_version": "1.21.2",
        "end_time_seconds": "1708542843"
    },
    "total": 72.73654680000001,
    "count": 1,
    "self": 0.00688720000000842,
    "children": {
        "run_training.setup": {
            "total": 0.030440199999999917,
            "count": 1,
            "self": 0.030440199999999917
        },
        "TrainerController.start_learning": {
            "total": 72.6992194,
            "count": 1,
            "self": 0.013529900000023076,
            "children": {
                "TrainerController._reset_env": {
                    "total": 4.674040099999999,
                    "count": 1,
                    "self": 4.674040099999999
                },
                "TrainerController.advance": {
                    "total": 67.86051369999998,
                    "count": 864,
                    "self": 0.014508800000001543,
                    "children": {
                        "env_step": {
                            "total": 67.75947629999995,
                            "count": 864,
                            "self": 67.00652979999998,
                            "children": {
                                "SubprocessEnvManager._take_step": {
                                    "total": 0.7446145999999771,
                                    "count": 864,
                                    "self": 0.04961349999997733,
                                    "children": {
                                        "TorchPolicy.evaluate": {
                                            "total": 0.6950010999999998,
                                            "count": 864,
                                            "self": 0.6950010999999998
                                        }
                                    }
                                },
                                "workers": {
                                    "total": 0.00833189999999373,
                                    "count": 863,
                                    "self": 0.0,
                                    "children": {
                                        "worker_root": {
                                            "total": 6.744706299999994,
                                            "count": 863,
                                            "is_parallel": true,
                                            "self": 2.193040699999984,
                                            "children": {
                                                "steps_from_proto": {
                                                    "total": 0.00016679999999968942,
                                                    "count": 1,
                                                    "is_parallel": true,
                                                    "self": 5.639999999962342e-05,
                                                    "children": {
                                                        "_process_rank_one_or_two_observation": {
                                                            "total": 0.000110400000000066,
                                                            "count": 2,
                                                            "is_parallel": true,
                                                            "self": 0.000110400000000066
                                                        }
                                                    }
                                                },
                                                "UnityEnvironment.step": {
                                                    "total": 4.55149880000001,
                                                    "count": 863,
                                                    "is_parallel": true,
                                                    "self": 0.04838270000000655,
                                                    "children": {
                                                        "UnityEnvironment._generate_step_input": {
                                                            "total": 0.04752480000000325,
                                                            "count": 863,
                                                            "is_parallel": true,
                                                            "self": 0.04752480000000325
                                                        },
                                                        "communicator.exchange": {
                                                            "total": 4.334318500000019,
                                                            "count": 863,
                                                            "is_parallel": true,
                                                            "self": 4.334318500000019
                                                        },
                                                        "steps_from_proto": {
                                                            "total": 0.1212727999999812,
                                                            "count": 863,
                                                            "is_parallel": true,
                                                            "self": 0.05764390000000308,
                                                            "children": {
                                                                "_process_rank_one_or_two_observation": {
                                                                    "total": 0.06362889999997812,
                                                                    "count": 1726,
                                                                    "is_parallel": true,
                                                                    "self": 0.06362889999997812
                                                                }
                                                            }
                                                        }
                                                    }
                                                }
                                            }
                                        }
                                    }
                                }
                            }
                        },
                        "trainer_advance": {
                            "total": 0.08652860000003404,
                            "count": 863,
                            "self": 0.01705810000004515,
                            "children": {
                                "process_trajectory": {
                                    "total": 0.06947049999998889,
                                    "count": 863,
                                    "self": 0.06947049999998889
                                }
                            }
                        }
                    }
                },
                "TrainerController._save_models": {
                    "total": 0.15113569999999754,
                    "count": 1,
                    "self": 0.01444290000000592,
                    "children": {
                        "RLTrainer._checkpoint": {
                            "total": 0.13669279999999162,
                            "count": 1,