{
    "name": "root",
    "metadata": {
        "timer_format_version": "0.1.0",
        "start_time_seconds": "1708420873",
        "python_version": "3.9.13 (tags/v3.9.13:6de2ca5, May 17 2022, 16:36:42) [MSC v.1929 64 bit (AMD64)]",
        "command_line_arguments": "C:\\Users\\jacob\\Downloads\\Number1 - kopia\\Number1 - kopia\\secondTry\\Scripts\\mlagents-learn --run-id testrun3",
        "mlagents_version": "0.30.0",
        "mlagents_envs_version": "0.30.0",
        "communication_protocol_version": "1.5.0",
        "pytorch_version": "2.2.0+cpu",
        "numpy_version": "1.21.2",
        "end_time_seconds": "1708420915"
    },
    "total": 41.4599325,
    "count": 1,
    "self": 10.007708099999999,
    "children": {
        "run_training.setup": {
            "total": 0.03817740000000014,
            "count": 1,
            "self": 0.03817740000000014
        },
        "TrainerController.start_learning": {
            "total": 31.414047000000004,
            "count": 1,
            "self": 0.00029170000001244034,
            "children": {
                "TrainerController._reset_env": {
                    "total": 12.112351299999998,
                    "count": 1,
                    "self": 12.112351299999998
                },
                "TrainerController.advance": {
                    "total": 19.1687488,
                    "count": 1,
                    "self": 1.430000000013365e-05,
                    "children": {
                        "env_step": {
                            "total": 19.1687345,
                            "count": 1,
                            "self": 19.168716,
                            "children": {
                                "SubprocessEnvManager._take_step": {
                                    "total": 1.8499999999477268e-05,
                                    "count": 2,
                                    "self": 1.8499999999477268e-05
                                }
                            }
                        }
                    }
                },
                "trainer_threads": {
                    "total": 2.099999996119095e-06,
                    "count": 1,
                    "self": 2.099999996119095e-06
                },
                "TrainerController._save_models": {
                    "total": 0.13265309999999886,
                    "count": 1,
                    "self": 2.1500000002561137e-05,
                    "children": {
                        "RLTrainer._checkpoint": {
                            "total": 0.1326315999999963,
                            "count": 1,
                            "self": 0.1326315999999963
                        }
                    }
                }
            }
        }
    }
}