{
    "name": "root",
    "metadata": {
        "timer_format_version": "0.1.0",
        "start_time_seconds": "1708949015",
        "python_version": "3.9.13 (tags/v3.9.13:6de2ca5, May 17 2022, 16:36:42) [MSC v.1929 64 bit (AMD64)]",
        "command_line_arguments": "C:\\Users\\jacob\\Downloads\\Number1 - kopia\\Number1 - kopia\\thirdvenv\\Scripts\\mlagents-learn --run-id attempt4",
        "mlagents_version": "0.30.0",
        "mlagents_envs_version": "0.30.0",
        "communication_protocol_version": "1.5.0",
        "pytorch_version": "2.2.0+cpu",
        "numpy_version": "1.21.2",
        "end_time_seconds": "1708949060"
    },
    "total": 44.6586183,
    "count": 1,
    "self": 10.007438200000003,
    "children": {
        "run_training.setup": {
            "total": 0.08260679999999998,
            "count": 1,
            "self": 0.08260679999999998
        },
        "TrainerController.start_learning": {
            "total": 34.5685733,
            "count": 1,
            "self": 0.01756480000000238,
            "children": {
                "TrainerController._reset_env": {
                    "total": 4.9161927,
                    "count": 1,
                    "self": 4.9161927
                },
                "TrainerController.advance": {
                    "total": 29.509925699999997,
                    "count": 1024,
                    "self": 0.017056799999984662,
                    "children": {
                        "env_step": {
                            "total": 29.400308800000005,
                            "count": 1024,
                            "self": 27.639969300000022,
                            "children": {
                                "SubprocessEnvManager._take_step": {
                                    "total": 1.7503477999999841,
                                    "count": 1025,
                                    "self": 0.0659164999999744,
                                    "children": {
                                        "TorchPolicy.evaluate": {
                                            "total": 1.6844313000000097,
                                            "count": 1025,
                                            "self": 1.6844313000000097
                                        }
                                    }
                                },
                                "workers": {
                                    "total": 0.009991699999998715,
                                    "count": 1023,
                                    "self": 0.0,
                                    "children": {
                                        "worker_root": {
                                            "total": 9.276873000000018,
                                            "count": 1023,
                                            "is_parallel": true,
                                            "self": 3.2916382000000173,
                                            "children": {
                                                "steps_from_proto": {
                                                    "total": 0.00024170000000012237,
                                                    "count": 1,
                                                    "is_parallel": true,
                                                    "self": 0.00011870000000069325,
                                                    "children": {
                                                        "_process_rank_one_or_two_observation": {
                                                            "total": 0.00012299999999942912,
                                                            "count": 2,
                                                            "is_parallel": true,
                                                            "self": 0.00012299999999942912
                                                        }
                                                    }
                                                },
                                                "UnityEnvironment.step": {
                                                    "total": 5.9849931000000005,
                                                    "count": 1023,
                                                    "is_parallel": true,
                                                    "self": 0.06509259999998473,
                                                    "children": {
                                                        "UnityEnvironment._generate_step_input": {
                                                            "total": 0.06986819999999838,
                                                            "count": 1023,
                                                            "is_parallel": true,
                                                            "self": 0.06986819999999838
                                                        },
                                                        "communicator.exchange": {
                                                            "total": 5.636036500000017,
                                                            "count": 1023,
                                                            "is_parallel": true,
                                                            "self": 5.636036500000017
                                                        },
                                                        "steps_from_proto": {
                                                            "total": 0.21399580000000018,
                                                            "count": 1023,
                                                            "is_parallel": true,
                                                            "self": 0.1294709000000145,
                                                            "children": {
                                                                "_process_rank_one_or_two_observation": {
                                                                    "total": 0.08452489999998569,
                                                                    "count": 2046,
                                                                    "is_parallel": true,
                                                                    "self": 0.08452489999998569
                                                                }
                                                            }
                                                        }
                                                    }
                                                }
                                            }
                                        }
                                    }
                                }
                            }
                        },
                        "trainer_advance": {
                            "total": 0.09256010000000536,
                            "count": 1023,
                            "self": 0.019042600000016563,
                            "children": {
                                "process_trajectory": {
                                    "total": 0.0735174999999888,
                                    "count": 1023,
                                    "self": 0.0735174999999888
                                }
                            }
                        }
                    }
                },
                "TrainerController._save_models": {
                    "total": 0.12489010000000178,
                    "count": 1,
                    "self": 0.00858519999999885,
                    "children": {
                        "RLTrainer._checkpoint": {
                            "total": 0.11630490000000293,
                            "count": 1,